case,batch,box,C11,C22,C33,C12,C13,C23,C44,C55,C66,C11h,C13h,C44h,C66_check,B_V,G_V,B_R,G_R,B_H,G_H,E_H,Ex_cij,Ey_cij,Ez_cij,asym_GPa
disordered,B2_cij,box01,177.862,177.677,203.895,93.503,79.371,79.388,40.486,40.546,42.098,177.769,79.3795,40.516,42.1332,118.218,45.1041,118.129,44.0675,118.173,44.5858,118.815,120.263,120.1,157.438,0.037
disordered,B2_cij,box02,178.251,177.587,203.974,93.313,79.3335,79.5465,40.718,40.765,42.11,177.919,79.44,40.7415,42.303,118.244,45.2265,118.153,44.2119,118.198,44.7192,119.133,120.85,120.169,157.439,0.044
disordered,B2_cij,box03,177.71,177.824,203.911,93.6365,79.357,79.463,40.498,40.352,42.05,177.767,79.41,40.425,42.0652,118.262,45.0459,118.174,44.0004,118.218,44.5232,118.671,120.047,120.071,157.44,0.069
disordered,B2_cij,box04,177.57,177.794,203.984,93.596,79.4305,79.3845,40.744,40.515,42.041,177.682,79.4075,40.6295,42.043,118.241,45.1225,118.151,44.0903,118.196,44.6064,118.866,119.891,120.104,157.495,0.037
disordered,B2_cij,box05,177.445,177.81,203.9,93.6875,79.416,79.389,40.434,40.489,42.133,177.627,79.4025,40.4615,41.97,118.238,45.0554,118.149,44.0137,118.193,44.5345,118.696,119.695,120.01,157.424,0.035
disordered,B2_cij,box06,177.763,177.892,204.023,93.369,79.457,79.468,40.645,40.608,42.08,177.827,79.4625,40.6265,42.2292,118.252,45.1589,118.159,44.1345,118.205,44.6467,118.963,120.301,120.4,157.456,0.034
disordered,B2_cij,box07,178.107,177.851,203.8,93.339,79.272,79.393,40.517,40.337,41.804,177.979,79.3325,40.427,42.32,118.196,45.0485,118.109,44.0025,118.153,44.5255,118.67,120.721,120.434,157.403,0.058
disordered,B2_cij,box08,177.891,177.852,203.732,93.591,79.374,79.2675,40.315,40.445,42.084,177.871,79.3208,40.38,42.1402,118.216,45.0516,118.133,44.0043,118.174,44.528,118.678,120.218,120.253,157.377,0.034
disordered,B2_cij,box09,177.915,177.534,204.116,93.3455,79.5695,79.4145,40.734,40.834,42.29,177.724,79.492,40.784,42.1895,118.247,45.254,118.15,44.2447,118.198,44.7493,119.205,120.353,120.138,157.493,0.033
disordered,B2_cij,box10,177.839,177.74,203.952,93.3345,79.354,79.462,40.679,40.598,41.923,177.79,79.408,40.6385,42.2275,118.204,45.132,118.111,44.1056,118.157,44.6188,118.891,120.421,120.271,157.437,0.045
disordered,B2_cij,box11,178.005,177.626,203.852,93.3845,79.3495,79.4485,40.592,40.351,41.861,177.815,79.399,40.4715,42.2155,118.205,45.0475,118.116,44.0075,118.16,44.5275,118.675,120.517,120.143,157.36,0.065
disordered,B2_cij,box12,177.665,178.066,203.632,93.541,79.3515,79.385,40.509,40.498,42.157,177.865,79.3682,40.5035,42.1623,118.213,45.1052,118.13,44.0747,118.171,44.59,118.824,120.099,120.403,157.211,0.037
disordered,B2_cij,box13,177.529,177.49,203.937,93.953,79.3035,79.396,40.277,40.183,41.96,177.51,79.3498,40.23,41.7782,118.251,44.9042,118.165,43.8316,118.208,44.3679,118.303,119.545,119.455,157.547,0.034
disordered,B2_cij,box14,177.641,177.704,203.673,93.743,79.4095,79.2365,40.426,40.405,42.186,177.673,79.323,40.4155,41.9648,118.2,45.0453,118.117,44.002,118.158,44.5237,118.666,119.786,119.948,157.306,0.034
disordered,B2_cij,box15,177.294,177.55,203.872,93.923,79.398,79.3575,40.274,40.272,41.937,177.422,79.3777,40.273,41.7495,118.23,44.8991,118.143,43.8341,118.186,44.3666,118.297,119.295,119.529,157.429,0.034
disordered,B2_cij,box16,177.635,178.161,203.725,93.582,79.32,79.349,40.446,40.337,42.138,177.898,79.3345,40.3915,42.158,118.225,45.0689,118.142,44.0221,118.183,44.5455,118.72,120.058,120.468,157.357,0.058
disordered,B2_cij,box17,177.713,177.409,203.804,93.7935,79.322,79.346,40.227,40.438,41.858,177.561,79.334,40.3325,41.8837,118.205,44.9356,118.12,43.8754,118.163,44.4055,118.387,119.827,119.564,157.415,0.033
disordered,B2_cij,box18,177.804,177.645,203.895,93.613,79.367,79.4405,40.534,40.615,42.163,177.725,79.4038,40.5745,42.0558,118.243,45.124,118.155,44.0926,118.199,44.6083,118.871,120.118,119.941,157.422,0.034
disordered,B2_cij,box19,177.438,177.464,204.001,93.724,79.39,79.437,40.462,40.637,42.221,177.451,79.4135,40.5495,41.8635,118.223,45.0875,118.13,44.0502,118.176,44.5688,118.775,119.618,119.61,157.487,0.04
disordered,B2_cij,box20,177.851,177.889,203.95,93.3815,79.4335,79.3265,40.745,40.896,42.434,177.87,79.38,40.8205,42.2443,118.219,45.3182,118.129,44.3114,118.174,44.8148,119.357,120.359,120.458,157.489,0.04
ordered_a04,B2_cij,box01,177.062,177.418,204.967,95.0595,79.863,79.7265,39.986,40.102,41.396,177.24,79.7947,40.044,41.0903,118.749,44.6167,118.654,43.4862,118.702,44.0514,117.606,117.972,118.345,158.2,0.057
ordered_a04,B2_cij,box02,177.35,177.291,205.036,94.9705,79.715,79.817,40,40.011,41.058,177.32,79.766,40.0055,41.175,118.742,44.5588,118.646,43.4161,118.694,43.9874,117.453,118.398,118.286,158.302,0.047
ordered_a04,B2_cij,box03,177.404,177.209,205.232,94.868,79.721,79.9655,40.197,40.305,41.225,177.306,79.8432,40.251,41.2193,118.773,44.6981,118.671,43.5761,118.722,44.1371,117.812,118.56,118.249,158.385,0.067
ordered_a04,B2_cij,box04,177.248,177.344,204.995,95.0265,79.815,79.7765,40.026,40.06,41.195,177.296,79.7957,40.043,41.1347,118.758,44.5875,118.663,43.4521,118.71,44.0198,117.532,118.203,118.306,158.23,0.074
ordered_a04,B2_cij,box05,177.139,177.245,204.992,94.978,79.759,79.8215,40.015,40.002,41.19,177.192,79.7903,40.0085,41.107,118.721,44.5626,118.624,43.4256,118.672,43.9941,117.467,118.148,118.195,158.207,0.055
ordered_a04,B2_cij,box06,177.364,177.182,205.002,95.0245,79.7865,79.764,39.976,40.042,41.258,177.273,79.7752,40.009,41.1242,118.744,44.5867,118.649,43.4487,118.696,44.0177,117.525,118.3,118.167,158.258,0.037
ordered_a04,B2_cij,box07,177.41,177.618,205.11,94.6695,79.7355,79.91,40.19,40.126,41.187,177.514,79.8227,40.158,41.4223,118.752,44.6888,118.652,43.568,118.702,44.1284,117.789,118.795,118.852,158.291,0.051
ordered_a04,B2_cij,box08,177.323,176.797,204.903,95.203,79.7395,79.7595,39.694,39.85,40.807,177.06,79.7495,39.772,40.9285,118.714,44.3583,118.619,43.1908,118.667,43.7745,116.944,118.043,117.607,158.182,0.045
ordered_a04,B2_cij,box09,177.054,177.324,204.983,95.1775,79.746,79.727,39.991,39.924,41.129,177.189,79.7365,39.9575,41.0058,118.74,44.5228,118.647,43.3728,118.693,43.9478,117.359,117.894,118.123,158.296,0.037
ordered_a04,B2_cij,box10,177.284,177.385,204.728,95.1875,79.7185,79.7,39.718,39.911,41.272,177.334,79.7092,39.8145,41.0735,118.734,44.4996,118.647,43.3484,118.691,43.924,117.302,118.122,118.215,158.099,0.037
ordered_a04,B2_cij,box11,176.976,177.227,205.259,94.878,79.8195,79.9235,40.178,40.218,41.194,177.101,79.8715,40.198,41.1117,118.745,44.6407,118.639,43.5159,118.692,44.0783,117.669,118.075,118.212,158.348,0.036
ordered_a04,B2_cij,box12,176.867,177.055,204.915,95.3155,79.8225,79.7025,39.854,39.605,40.797,176.961,79.7625,39.7295,40.8228,118.724,44.3176,118.63,43.1443,118.677,43.731,116.841,117.492,117.718,158.182,0.048
ordered_a04,B2_cij,box13,177.28,177.812,204.97,94.8065,79.8545,79.7345,40.241,40.095,41.443,177.546,79.7945,40.168,41.3697,118.761,44.7336,118.667,43.6178,118.714,44.1757,117.903,118.49,118.997,158.212,0.037
ordered_a04,B2_cij,box14,176.997,177.346,204.746,95.262,79.7185,79.74,39.805,39.666,41.078,177.172,79.7293,39.7355,40.9548,118.726,44.401,118.637,43.2394,118.681,43.8202,117.054,117.771,118.039,158.079,0.069
ordered_a04,B2_cij,box15,177.183,177.47,204.859,95.0805,79.7555,79.7495,39.885,39.886,41.12,177.327,79.7525,39.8855,41.123,118.743,44.5066,118.651,43.3584,118.697,43.9325,117.323,118.13,118.366,158.16,0.037
ordered_a04,B2_cij,box16,177.747,176.908,204.982,94.998,79.869,79.7205,39.864,40.341,41.199,177.327,79.7947,40.1025,41.1647,118.757,44.6174,118.661,43.4859,118.709,44.0517,117.607,118.607,118.021,158.219,0.038
ordered_a04,B2_cij,box17,177.314,177.346,204.788,95.1,79.7455,79.656,39.797,39.763,41.051,177.33,79.7007,39.78,41.115,118.717,44.452,118.627,43.2931,118.672,43.8725,117.178,118.203,118.285,158.153,0.038
ordered_a04,B2_cij,box18,177.329,177.528,205.037,94.8345,79.825,79.7325,40.141,39.874,40.943,177.428,79.7787,40.0075,41.297,118.742,44.5584,118.646,43.4164,118.694,43.9874,117.453,118.476,118.696,158.283,0.035
ordered_a04,B2_cij,box19,177.352,176.901,205.091,94.9875,79.8085,79.8415,39.971,40.015,41.029,177.127,79.825,39.993,41.0695,118.735,44.5168,118.635,43.3748,118.685,43.9458,117.353,118.278,117.892,158.257,0.037
ordered_a04,B2_cij,box20,177.168,177.463,204.952,95.2265,79.706,79.7395,39.92,39.789,40.942,177.315,79.7227,39.8545,41.0445,118.77,44.4576,118.68,43.2938,118.725,43.8757,117.191,118.007,118.224,158.311,0.037
ordered_a08,B2_cij,box01,176.637,176.494,205.953,96.6975,80.1825,80.1485,39.256,39.327,40.111,176.565,80.1655,39.2915,39.934,119.238,43.8758,119.137,42.6079,119.187,43.2418,115.73,115.899,115.806,158.917,0.041
ordered_a08,B2_cij,box02,176.716,176.375,206.057,96.6575,80.2485,80.1105,39.171,39.224,39.764,176.546,80.1795,39.1975,39.944,119.242,43.7739,119.138,42.488,119.19,43.131,115.465,115.958,115.771,158.995,0.055
ordered_a08,B2_cij,box03,176.554,176.704,205.762,96.837,80.1275,80.039,38.87,38.885,39.895,176.629,80.0832,38.8775,39.896,119.225,43.6644,119.132,42.3566,119.178,43.0105,115.176,115.723,115.897,158.858,0.04
ordered_a08,B2_cij,box04,176.715,176.383,205.989,96.775,80.2485,80.06,39.209,39.245,39.999,176.549,80.1543,39.227,39.887,119.25,43.8242,119.15,42.5438,119.2,43.184,115.593,115.838,115.691,158.976,0.042
ordered_a08,B2_cij,box05,177.062,176.34,205.803,96.6195,80.0475,80.1795,39.109,39.026,39.724,176.701,80.1135,39.0675,40.0408,119.211,43.729,119.114,42.4372,119.162,43.0831,115.348,116.418,115.76,158.838,0.049
ordered_a08,B2_cij,box06,176.646,176.335,206.052,96.7455,80.1715,80.1325,39.194,39.233,39.898,176.49,80.152,39.2135,39.8725,119.237,43.7972,119.134,42.5126,119.186,43.1549,115.522,115.838,115.615,159.028,0.043
ordered_a08,B2_cij,box07,176.614,176.383,205.876,96.793,80.2105,80.038,39.073,39.015,39.9,176.499,80.1243,39.044,39.8528,119.217,43.7197,119.119,42.4257,119.168,43.0727,115.324,115.73,115.653,158.894,0.042
ordered_a08,B2_cij,box08,176.91,176.58,205.849,96.5785,80.178,80.098,39.127,38.931,39.758,176.745,80.138,39.029,40.0832,119.228,43.7288,119.129,42.437,119.178,43.0829,115.349,116.284,116.07,158.855,0.052
ordered_a08,B2_cij,box09,176.893,176.554,206.186,96.3715,80.2545,80.124,39.458,39.25,39.896,176.724,80.1893,39.354,40.176,119.237,43.913,119.129,42.6461,119.183,43.2795,115.819,116.436,116.246,159.093,0.068
ordered_a08,B2_cij,box10,176.808,176.1,205.844,96.789,80.153,80.156,39.046,39.092,39.817,176.454,80.1545,39.069,39.8325,119.216,43.7013,119.116,42.4103,119.166,43.0558,115.283,115.916,115.35,158.817,0.047
ordered_a08,B2_cij,box11,176.599,176.462,205.891,96.7825,80.1215,80.153,39.144,39.211,40.096,176.53,80.1372,39.1775,39.874,119.23,43.8165,119.131,42.5373,119.18,43.1769,115.574,115.8,115.672,158.897,0.06
ordered_a08,B2_cij,box12,176.509,176.653,205.938,96.698,80.1365,80.145,39.291,39.225,40.168,176.581,80.1407,39.258,39.9415,119.229,43.8782,119.129,42.6057,119.179,43.2419,115.729,115.818,115.928,158.934,0.051
ordered_a08,B2_cij,box13,176.629,176.633,206.008,96.5675,80.1125,80.2365,39.305,39.148,39.866,176.631,80.1745,39.2265,40.0318,119.234,43.8207,119.131,42.5436,119.182,43.1821,115.587,116.084,116.01,158.951,0.051
ordered_a08,B2_cij,box14,176.769,176.658,205.876,96.515,80.0955,80.246,39.265,39.062,39.806,176.714,80.1707,39.1635,40.0993,119.224,43.7897,119.124,42.5122,119.174,43.151,115.511,116.281,116.099,158.828,0.051
ordered_a08,B2_cij,box15,176.111,176.402,206.069,96.9275,80.173,80.115,39.018,39.189,39.977,176.256,80.144,39.1035,39.6645,119.224,43.7279,119.12,42.4313,119.172,43.0796,115.341,115.15,115.416,159.044,0.041
ordered_a08,B2_cij,box16,176.293,176.372,205.834,96.993,80.0245,80.1205,38.93,38.969,39.679,176.333,80.0725,38.9495,39.6698,119.197,43.6063,119.101,42.2925,119.149,42.9494,115.027,115.32,115.323,158.918,0.042
ordered_a08,B2_cij,box17,176.609,176.28,205.923,96.9215,80.2095,80.0605,39.038,39.196,40.271,176.445,80.135,39.117,39.7615,119.244,43.809,119.146,42.5247,119.195,43.1669,115.551,115.594,115.425,158.941,0.051
ordered_a08,B2_cij,box18,176.428,176.279,206.054,96.72,80.1485,80.165,39.224,39.261,39.982,176.353,80.1567,39.2425,39.8167,119.203,43.8086,119.098,42.5293,119.15,43.1689,115.552,115.647,115.518,158.996,0.042
ordered_a08,B2_cij,box19,176.774,176.484,205.973,96.657,80.1415,80.16,39.169,39.093,39.832,176.629,80.1508,39.131,39.986,119.239,43.7703,119.138,42.4829,119.188,43.1266,115.455,116.091,115.848,158.959,0.051
ordered_a08,B2_cij,box20,176.583,176.454,205.948,96.705,80.213,80.142,39.247,39.014,39.713,176.519,80.1775,39.1305,39.9068,119.234,43.7231,119.132,42.432,119.183,43.0775,115.337,115.811,115.752,158.89,0.042
ordered_a12,B2_cij,box01,175.385,175.299,207.081,98.681,80.543,80.61,38.146,38.027,38.245,175.342,80.5765,38.0865,38.3305,119.715,42.7457,119.602,41.2655,119.658,42.0056,112.816,112.557,112.449,159.694,0.048
ordered_a12,B2_cij,box02,175.686,175.447,207.017,98.595,80.594,80.6,38.255,38.249,38.365,175.567,80.597,38.252,38.4858,119.748,42.8645,119.637,41.4067,119.692,42.1356,113.132,112.948,112.757,159.63,0.048
ordered_a12,B2_cij,box03,175.337,174.893,207.032,98.947,80.546,80.6055,37.912,38.297,38.547,175.115,80.5757,38.1045,38.084,119.718,42.7621,119.606,41.2855,119.662,42.0238,112.86,112.168,111.787,159.652,0.048
ordered_a12,B2_cij,box04,175.244,174.99,207.137,98.9835,80.557,80.536,37.891,38.089,38.188,175.117,80.5465,37.99,38.0668,119.725,42.6532,119.613,41.1503,119.669,41.9018,112.567,112.048,111.863,159.798,0.047
ordered_a12,B2_cij,box05,175.424,175.106,206.974,98.842,80.605,80.537,38.002,38.158,38.34,175.265,80.571,38.08,38.2115,119.719,42.7347,119.609,41.2561,119.664,41.9954,112.792,112.361,112.155,159.608,0.048
ordered_a12,B2_cij,box06,176.04,175.239,207.128,98.394,80.553,80.606,38.329,38.173,38.523,175.639,80.5795,38.251,38.6227,119.724,42.9286,119.61,41.4771,119.667,42.2029,113.29,113.466,112.806,159.739,0.048
ordered_a12,B2_cij,box07,175.679,175.13,207.083,98.655,80.541,80.577,38.158,38.102,38.348,175.404,80.559,38.13,38.3747,119.715,42.7962,119.603,41.3226,119.659,42.0594,112.945,112.836,112.385,159.723,0.048
ordered_a12,B2_cij,box08,175.016,175.286,206.831,99.0135,80.5945,80.494,37.944,38.057,38.176,175.151,80.5443,38.0005,38.0688,119.704,42.6375,119.598,41.1456,119.651,41.8915,112.541,111.821,112.092,159.506,0.049
ordered_a12,B2_cij,box09,175.456,175.235,207.038,98.674,80.6565,80.537,38.083,38.145,38.456,175.346,80.5968,38.114,38.3358,119.718,42.7942,119.605,41.3265,119.662,42.0604,112.948,112.558,112.458,159.626,0.058
ordered_a12,B2_cij,box10,175.563,175.356,207.086,98.687,80.5615,80.563,38.099,37.983,38.247,175.459,80.5623,38.041,38.3862,119.736,42.7454,119.626,41.2615,119.681,42.0034,112.813,112.729,112.566,159.737,0.129
ordered_a12,B2_cij,box11,175.411,175.381,206.987,98.7125,80.5555,80.542,38.064,38.226,38.478,175.396,80.5487,38.145,38.3418,119.711,42.8182,119.601,41.3504,119.656,42.0843,113.005,112.552,112.537,159.647,0.047
ordered_a12,B2_cij,box12,175.058,175.286,206.986,98.9565,80.645,80.4875,37.941,38.056,38.306,175.172,80.5662,37.9985,38.1077,119.723,42.6767,119.613,41.1862,119.668,41.9315,112.638,111.902,112.175,159.629,0.047
ordered_a12,B2_cij,box13,175.151,175.028,207.171,98.859,80.588,80.624,37.994,38.281,38.399,175.089,80.606,38.1375,38.1152,119.721,42.7534,119.605,41.2756,119.663,42.0145,112.838,112.088,111.971,159.736,0.048
ordered_a12,B2_cij,box14,175.627,175.431,206.995,98.619,80.5655,80.56,38.123,38,38.192,175.529,80.5627,38.0615,38.455,119.727,42.7502,119.617,41.2714,119.672,42.0108,112.83,112.865,112.716,159.646,0.048
ordered_a12,B2_cij,box15,175.635,175.021,206.992,98.7255,80.483,80.622,38.115,38.037,38.27,175.328,80.5525,38.076,38.3012,119.701,42.7389,119.59,41.2596,119.646,41.9993,112.799,112.73,112.166,159.638,0.049
ordered_a12,B2_cij,box16,175.124,175.297,207.127,98.803,80.547,80.673,38.059,38.142,38.137,175.21,80.61,38.1005,38.2037,119.733,42.7026,119.618,41.2157,119.675,41.9592,112.706,112.192,112.25,159.699,0.077
ordered_a12,B2_cij,box17,175.706,175.618,207.073,98.4165,80.606,80.5695,38.351,38.078,38.352,175.662,80.5877,38.2145,38.6227,119.731,42.8765,119.619,41.4174,119.675,42.147,113.157,113.156,113.112,159.682,0.061
ordered_a12,B2_cij,box18,175.687,175.165,207.005,98.73,80.5705,80.544,38.057,38.173,38.483,175.426,80.5572,38.115,38.348,119.727,42.8101,119.618,41.34,119.673,42.075,112.984,112.758,112.367,159.663,0.046
ordered_a12,B2_cij,box19,175.281,174.921,207.012,99.02,80.524,80.586,37.865,38.084,38.208,175.101,80.555,37.9745,38.0405,119.719,42.637,119.609,41.1378,119.664,41.8874,112.532,112.052,111.734,159.667,0.061
ordered_a12,B2_cij,box20,175.677,175.227,207.089,98.5335,80.542,80.651,38.301,38.098,38.292,175.452,80.5965,38.1995,38.4592,119.716,42.8226,119.602,41.3587,119.659,42.0907,113.02,112.984,112.565,159.671,0.047
disordered,B5c_cij80,box01,177.717,177.783,203.83,93.627,79.403,79.358,40.51,40.495,42.124,177.75,79.3805,40.5025,42.0615,118.234,45.0886,118.148,44.0516,118.191,44.5701,118.78,120.01,120.093,157.391,0.034
disordered,B5c_cij80,box02,177.614,177.822,203.743,93.6975,79.3735,79.355,40.414,40.374,42.055,177.718,79.3642,40.394,42.0103,118.226,45.0188,118.142,43.9729,118.184,44.4958,118.603,119.862,120.044,157.329,0.035
ordered_a04,B5c_cij80,box01,177.461,177.318,204.917,94.9775,79.731,79.7925,39.983,39.909,41.096,177.389,79.7617,39.946,41.206,118.744,44.5439,118.651,43.4012,118.698,43.9725,117.418,118.491,118.337,158.201,0.037
ordered_a04,B5c_cij80,box02,177.401,177.252,204.921,95.0125,79.762,79.7645,39.915,39.982,41.166,177.327,79.7632,39.9485,41.157,118.739,44.5483,118.646,43.4065,118.692,43.9774,117.429,118.369,118.247,158.198,0.037
ordered_a08,B5c_cij80,box01,176.541,176.62,205.963,96.6805,80.174,80.1535,39.177,39.143,39.92,176.581,80.1638,39.16,39.95,119.238,43.7891,119.137,42.5071,119.187,43.1481,115.506,115.849,115.925,158.929,0.041
ordered_a08,B5c_cij80,box02,176.506,176.493,205.976,96.8045,80.151,80.1415,39.07,39.151,39.971,176.5,80.1463,39.1105,39.8475,119.241,43.7636,119.141,42.4743,119.191,43.1189,115.437,115.685,115.68,158.97,0.041
ordered_a12,B5c_cij80,box01,175.442,175.428,207.042,98.642,80.5755,80.578,38.17,38.077,38.305,175.435,80.5768,38.1235,38.3965,119.723,42.7848,119.611,41.3131,119.667,42.049,112.921,112.661,112.648,159.664,0.048
ordered_a12,B5c_cij80,box02,175.376,175.314,207.053,98.713,80.606,80.552,38.098,38.152,38.334,175.345,80.579,38.125,38.316,119.721,42.7749,119.609,41.3018,119.665,42.0384,112.895,112.487,112.471,159.669,0.048
