case,box,alpha_target,alpha1,alpha2,a_A,c_A,pe_atom_eV,E_GPa,sy_GPa,ey,drop_GPa,sy_offset_GPa,nu_xy,nu_xz,sy_astm_MPa,C11h,C12,C13h,C33,C44h,C66,B_H,G_H,E_H,Ex_cij,Ez_cij
disordered,box01,0,0.0009,-0.0007,2.93081,4.6934,-4.74914,113.414,6.79265,0.07815,2.32519,2.85834,0.465044,0.179895,4880.46,177.769,93.503,79.3795,203.895,40.516,42.098,118.173,44.5858,118.815,120.263,157.438
disordered,box02,0,0.0001,0.0049,2.93044,4.69304,-4.74969,115.227,6.91211,0.08195,3.71447,2.90196,0.489102,0.186451,4966.29,177.919,93.313,79.44,203.974,40.7415,42.11,118.198,44.7192,119.133,120.85,157.439
disordered,box03,0,-0.0007,0.0184,2.93089,4.69353,-4.74937,117.026,6.9535,0.07655,1.09324,2.95522,0.400419,0.24811,4996.03,177.767,93.6365,79.41,203.911,40.425,42.05,118.218,44.5232,118.671,120.047,157.44
disordered,box04,0,0.0009,-0.0071,2.93097,4.69337,-4.74892,114.368,6.77,0.07995,3.16909,2.88572,0.416563,0.212386,4864.18,177.682,93.596,79.4075,203.984,40.6295,42.041,118.196,44.6064,118.866,119.891,157.495
disordered,box05,0,-0.0007,-0.0023,2.93115,4.69348,-4.74903,121.908,6.84704,0.08135,3.04561,2.11568,0.340824,0.261784,4919.54,177.627,93.6875,79.4025,203.9,40.4615,42.133,118.193,44.5345,118.696,119.695,157.424
disordered,box06,0,0.0001,0.0152,2.93129,4.6931,-4.7495,119.354,6.95122,0.08235,3.6216,2.39934,0.394816,0.235097,4994.39,177.827,93.369,79.4625,204.023,40.6265,42.08,118.205,44.6467,118.963,120.301,157.456
disordered,box07,0,0.0009,-0.0182,2.93015,4.69354,-4.7488,114.463,6.96993,0.08035,3.15124,2.84387,0.45459,0.210372,5007.83,177.979,93.339,79.3325,203.8,40.427,41.804,118.153,44.5255,118.67,120.721,157.403
disordered,box08,0,-0.0007,-0.0007,2.9312,4.69393,-4.74903,116.302,6.92153,0.08075,3.46587,2.80966,0.412464,0.207994,4973.06,177.871,93.591,79.3208,203.732,40.38,42.084,118.174,44.528,118.678,120.218,157.377
disordered,box09,0,-0.0003,0.0152,2.93173,4.69286,-4.74994,115.879,6.99521,0.07775,0.74803,2.92678,0.430381,0.219206,5025.99,177.724,93.3455,79.492,204.116,40.784,42.29,118.198,44.7493,119.205,120.353,157.493
disordered,box10,0,0.0001,-0.0039,2.93042,4.69333,-4.74904,118.16,6.87289,0.07975,3.4793,2.64573,0.355703,0.270491,4938.11,177.79,93.3345,79.408,203.952,40.6385,41.923,118.157,44.6188,118.891,120.421,157.437
disordered,box11,0,0.0005,0.0065,2.93035,4.69359,-4.74886,117.346,6.97152,0.08175,4.30345,2.76535,0.372985,0.253216,5008.97,177.815,93.3845,79.399,203.852,40.4715,41.861,118.16,44.5275,118.675,120.517,157.36
disordered,box12,0,0.0005,-0.0047,2.93064,4.6938,-4.74931,119.716,6.9516,0.08275,4.3844,2.5671,0.349721,0.280016,4994.66,177.865,93.541,79.3682,203.632,40.5035,42.157,118.171,44.59,118.824,120.099,157.211
disordered,box13,0,-0.0007,0.0128,2.93096,4.69377,-4.74897,117.361,6.82905,0.07855,2.36702,1.83487,0.370627,0.261673,4906.61,177.51,93.953,79.3498,203.937,40.23,41.96,118.208,44.3679,118.303,119.545,157.547
disordered,box14,0,0.0009,-0.0047,2.9314,4.69378,-4.74822,118.382,6.86348,0.07735,1.21251,2.15838,0.381825,0.235951,4931.35,177.673,93.743,79.323,203.673,40.4155,42.186,118.158,44.5237,118.666,119.786,157.306
disordered,box15,0,0.0005,0.0001,2.93131,4.69366,-4.74887,114.06,6.89953,0.07815,1.77645,2.6952,0.377983,0.263712,4957.25,177.422,93.923,79.3777,203.872,40.273,41.937,118.186,44.3666,118.297,119.295,157.429
disordered,box16,0,0.0009,-0.0007,2.93106,4.6939,-4.74882,116.22,6.89846,0.07715,1.2128,2.12277,0.400292,0.21805,4956.48,177.898,93.582,79.3345,203.725,40.3915,42.138,118.183,44.5455,118.72,120.058,157.357
disordered,box17,0,0.0009,-0.011,2.93097,4.69371,-4.74835,119.294,6.79198,0.07835,2.18033,2.23012,0.4057,0.203875,4879.97,177.561,93.7935,79.334,203.804,40.3325,41.858,118.163,44.4055,118.387,119.827,157.415
disordered,box18,0,-0.0007,0.0065,2.93097,4.6934,-4.74962,116.669,6.98124,0.08095,3.54845,2.71186,0.453573,0.179571,5015.96,177.725,93.613,79.4038,203.895,40.5745,42.163,118.199,44.6083,118.871,120.118,157.422
disordered,box19,0,-0.0003,0.0112,2.93121,4.69317,-4.74917,119.525,6.84627,0.08095,3.33694,1.8156,0.351039,0.263514,4918.98,177.451,93.724,79.4135,204.001,40.5495,42.221,118.176,44.5688,118.775,119.618,157.487
disordered,box20,0,0.0009,-0.0015,2.93206,4.69336,-4.74967,116.87,6.96482,0.07875,1.89832,2.25334,0.409412,0.24345,5004.16,177.87,93.3815,79.38,203.95,40.8205,42.434,118.174,44.8148,119.357,120.359,157.489
ordered_a04,box01,-0.04,-0.0393,0.0088,2.93119,4.69274,-4.74976,118.495,6.57397,0.07955,3.04384,2.3328,0.401966,0.209857,4299.75,177.24,95.0595,79.7947,204.967,40.044,41.396,118.702,44.0514,117.606,117.972,158.2
ordered_a04,box02,-0.04,-0.0393,-0.0071,2.93084,4.69283,-4.74931,115.509,6.64628,0.07735,2.05227,2.19021,0.377302,0.229605,4347.04,177.32,94.9705,79.766,205.036,40.0055,41.058,118.694,43.9874,117.453,118.398,158.302
ordered_a04,box03,-0.04,-0.0397,0.012,2.92981,4.69228,-4.75005,118.977,6.61581,0.07755,1.29868,1.81473,0.364838,0.264012,4327.11,177.306,94.868,79.8432,205.232,40.251,41.225,118.722,44.1371,117.812,118.56,158.385
ordered_a04,box04,-0.04,-0.0393,-0.0031,2.93128,4.69282,-4.74928,118.444,6.56628,0.07375,0.63186,2.50561,0.393053,0.203843,4294.72,177.296,95.0265,79.7957,204.995,40.043,41.195,118.71,44.0198,117.532,118.203,158.23
ordered_a04,box05,-0.04,-0.0393,0.0136,2.93088,4.69259,-4.74971,120.358,6.58602,0.08015,2.08861,1.96309,0.401008,0.218337,4307.63,177.192,94.978,79.7903,204.992,40.0085,41.19,118.672,43.9941,117.467,118.148,158.207
ordered_a04,box06,-0.04,-0.0393,0.0081,2.93099,4.69256,-4.74983,120.441,6.68486,0.07895,2.50564,2.2071,0.390062,0.218079,4372.28,177.273,95.0245,79.7752,205.002,40.009,41.258,118.696,44.0177,117.525,118.3,158.258
ordered_a04,box07,-0.04,-0.0397,0.0025,2.93054,4.69257,-4.74989,112.737,6.58529,0.07575,1.90886,2.82096,0.405976,0.241813,4307.15,177.514,94.6695,79.8227,205.11,40.158,41.187,118.702,44.1284,117.789,118.795,158.291
ordered_a04,box08,-0.04,-0.0393,0.0144,2.93069,4.69297,-4.74914,116.115,6.54967,0.07375,1.34452,1.56843,0.391357,0.224222,4283.85,177.06,95.203,79.7495,204.903,39.772,40.807,118.667,43.7745,116.944,118.043,158.182
ordered_a04,box09,-0.04,-0.0397,-0.0094,2.93073,4.69288,-4.74886,114.816,6.61552,0.08235,3.48575,2.45753,0.413591,0.211298,4326.92,177.189,95.1775,79.7365,204.983,39.9575,41.129,118.693,43.9478,117.359,117.894,158.296
ordered_a04,box10,-0.04,-0.0393,0.0152,2.93059,4.69312,-4.74964,121.418,6.74682,0.07915,4.03395,2.2559,0.399736,0.189227,4412.8,177.334,95.1875,79.7092,204.728,39.8145,41.272,118.691,43.924,117.302,118.122,158.099
ordered_a04,box11,-0.04,-0.0393,0.0088,2.93092,4.69227,-4.74962,111.615,6.62164,0.07395,0.87506,3.06191,0.4223,0.240372,4330.93,177.101,94.878,79.8715,205.259,40.198,41.194,118.692,44.0783,117.669,118.075,158.348
ordered_a04,box12,-0.04,-0.0393,0.0041,2.9308,4.69314,-4.74881,114.286,6.61726,0.07935,2.72483,2.56743,0.423446,0.242071,4328.06,176.961,95.3155,79.7625,204.915,39.7295,40.797,118.677,43.731,116.841,117.492,158.182
ordered_a04,box13,-0.04,-0.0393,0.0081,2.93139,4.69269,-4.75009,116.996,6.76151,0.07675,1.8279,1.73924,0.37966,0.242458,4422.41,177.546,94.8065,79.7945,204.97,40.168,41.443,118.714,44.1757,117.903,118.49,158.212
ordered_a04,box14,-0.04,-0.0393,-0.0094,2.93074,4.69297,-4.74854,116.322,6.62885,0.07875,0.85206,2.29826,0.432872,0.187128,4335.64,177.172,95.262,79.7293,204.746,39.7355,41.078,118.681,43.8202,117.054,117.771,158.079
ordered_a04,box15,-0.04,-0.0393,0.0033,2.93059,4.69296,-4.7493,118.527,6.61386,0.08195,3.80297,1.92239,0.39655,0.230168,4325.84,177.327,95.0805,79.7525,204.859,39.8855,41.12,118.697,43.9325,117.323,118.13,158.16
ordered_a04,box16,-0.04,-0.0393,-0.0118,2.93034,4.69286,-4.74927,116.119,6.77041,0.07855,1.77723,2.56507,0.435471,0.194997,4428.23,177.327,94.998,79.7947,204.982,40.1025,41.199,118.709,44.0517,117.607,118.607,158.219
ordered_a04,box17,-0.04,-0.0397,-0.015,2.93079,4.69311,-4.74883,111.779,6.66718,0.07895,2.30031,2.12924,0.462357,0.209738,4360.71,177.33,95.1,79.7007,204.788,39.78,41.051,118.672,43.8725,117.178,118.203,158.153
ordered_a04,box18,-0.04,-0.0393,0.0017,2.93076,4.69266,-4.7494,118.109,6.59193,0.07775,2.59864,2.2636,0.412502,0.219692,4311.49,177.428,94.8345,79.7787,205.037,40.0075,40.943,118.694,43.9874,117.453,118.476,158.283
ordered_a04,box19,-0.04,-0.0393,0.0057,2.93103,4.69226,-4.74946,116.942,6.69645,0.07855,2.20443,2.56019,0.38583,0.261234,4379.86,177.127,94.9875,79.825,205.091,39.993,41.029,118.685,43.9458,117.353,118.278,158.257
ordered_a04,box20,-0.04,-0.0393,-0.0047,2.93042,4.69314,-4.74936,118.498,6.61594,0.07495,0.47332,1.84549,0.443245,0.202918,4327.2,177.315,95.2265,79.7227,204.952,39.8545,40.942,118.725,43.8757,117.191,118.007,158.311
ordered_a08,box01,-0.08,-0.0791,0.0391,2.93062,4.69227,-4.74973,112.04,6.32389,0.07935,3.27073,2.39947,0.365464,0.255118,4093.47,176.565,96.6975,80.1655,205.953,39.2915,40.111,119.187,43.2418,115.73,115.899,158.917
ordered_a08,box02,-0.08,-0.0791,0.0375,2.93104,4.69211,-4.74962,116.885,6.44238,0.07695,3.18671,2.42557,0.367399,0.266849,4170.16,176.546,96.6575,80.1795,206.057,39.1975,39.764,119.19,43.131,115.465,115.958,158.995
ordered_a08,box03,-0.08,-0.0791,0.0248,2.93064,4.69276,-4.74886,115.271,6.28906,0.07515,1.37859,1.7972,0.408058,0.229791,4070.92,176.629,96.837,80.0832,205.762,38.8775,39.895,119.178,43.0105,115.176,115.723,158.858
ordered_a08,box04,-0.08,-0.0791,0.047,2.93047,4.69212,-4.74985,115.886,6.21642,0.07595,1.05012,2.11942,0.437406,0.196323,4023.9,176.549,96.775,80.1543,205.989,39.227,39.999,119.2,43.184,115.593,115.838,158.976
ordered_a08,box05,-0.08,-0.0794,0.02,2.92961,4.69247,-4.74885,115.668,6.2522,0.07535,2.60188,2.56574,0.408949,0.21008,4047.06,176.701,96.6195,80.1135,205.803,39.0675,39.724,119.162,43.0831,115.348,116.418,158.838
ordered_a08,box06,-0.08,-0.0791,0.0256,2.93044,4.69223,-4.7492,114.993,6.29963,0.07515,1.58284,2.2916,0.346353,0.275843,4077.76,176.49,96.7455,80.152,206.052,39.2135,39.898,119.186,43.1549,115.522,115.838,159.028
ordered_a08,box07,-0.08,-0.0791,0.0271,2.93078,4.69239,-4.74914,115.635,6.37187,0.07975,3.30181,2.29989,0.423176,0.214411,4124.52,176.499,96.793,80.1243,205.876,39.044,39.9,119.168,43.0727,115.324,115.73,158.894
ordered_a08,box08,-0.08,-0.0794,0.047,2.93041,4.69228,-4.74976,112.188,6.29612,0.07675,2.81565,1.97445,0.442325,0.212857,4075.49,176.745,96.5785,80.138,205.849,39.029,39.758,119.178,43.0829,115.349,116.284,158.855
ordered_a08,box09,-0.08,-0.0791,0.0271,2.93054,4.69188,-4.74959,119.443,6.30078,0.07695,3.39376,2.13807,0.392657,0.234173,4078.51,176.724,96.3715,80.1893,206.186,39.354,39.896,119.183,43.2795,115.819,116.436,159.093
ordered_a08,box10,-0.08,-0.0791,0.0104,2.93059,4.69233,-4.7485,114.865,6.20205,0.07695,3.51867,2.42338,0.409029,0.202414,4014.6,176.454,96.789,80.1545,205.844,39.069,39.817,119.166,43.0558,115.283,115.916,158.817
ordered_a08,box11,-0.08,-0.0791,0.0263,2.9305,4.69238,-4.74919,115.65,6.27339,0.07315,0.37106,2.03936,0.442335,0.191038,4060.78,176.53,96.7825,80.1372,205.891,39.1775,40.096,119.18,43.1769,115.574,115.8,158.897
ordered_a08,box12,-0.08,-0.0791,0.0367,2.93051,4.69249,-4.74956,118.951,6.41304,0.07735,2.32384,2.24645,0.427687,0.204335,4151.17,176.581,96.698,80.1407,205.938,39.258,40.168,119.179,43.2419,115.729,115.818,158.934
ordered_a08,box13,-0.08,-0.0791,0.0367,2.93013,4.69234,-4.74958,112.539,6.29854,0.07635,3.1628,2.50431,0.414435,0.22372,4077.06,176.631,96.5675,80.1745,206.008,39.2265,39.866,119.182,43.1821,115.587,116.084,158.951
ordered_a08,box14,-0.08,-0.0794,0.0335,2.93019,4.6922,-4.74906,113.903,6.22193,0.07695,2.72494,1.86633,0.479289,0.160799,4027.47,176.714,96.515,80.1707,205.876,39.1635,39.806,119.174,43.151,115.511,116.281,158.828
ordered_a08,box15,-0.08,-0.0791,0.0248,2.93122,4.69206,-4.74907,113.314,6.27949,0.07515,2.13676,2.14206,0.432926,0.200575,4064.73,176.256,96.9275,80.144,206.069,39.1035,39.977,119.172,43.0796,115.341,115.15,159.044
ordered_a08,box16,-0.08,-0.0791,0.0216,2.93017,4.69277,-4.7487,110.464,6.22476,0.07775,3.0476,1.67629,0.422689,0.233527,4029.3,176.333,96.993,80.0725,205.834,38.9495,39.679,119.149,42.9494,115.027,115.32,158.918
ordered_a08,box17,-0.08,-0.0794,0.0486,2.93116,4.69233,-4.74983,115.335,6.5543,0.07815,1.48432,2.11457,0.406343,0.216267,4242.61,176.445,96.9215,80.135,205.923,39.117,40.271,119.195,43.1669,115.551,115.594,158.941
ordered_a08,box18,-0.08,-0.0791,0.0407,2.93084,4.69219,-4.74928,113.8,6.13926,0.07195,0.50452,2.2127,0.461354,0.159394,3973.95,176.353,96.72,80.1567,206.054,39.2425,39.982,119.15,43.1689,115.552,115.647,158.996
ordered_a08,box19,-0.08,-0.0791,0.0327,2.93026,4.69224,-4.74931,110.506,6.44375,0.07955,3.05814,2.86298,0.483777,0.17769,4171.05,176.629,96.657,80.1508,205.973,39.131,39.832,119.188,43.1266,115.455,116.091,158.959
ordered_a08,box20,-0.08,-0.0791,0.02,2.93022,4.6922,-4.74896,115.951,6.16119,0.07035,0.36118,1.93685,0.366169,0.257555,3988.15,176.519,96.705,80.1775,205.948,39.1305,39.713,119.183,43.0775,115.337,115.811,158.89
ordered_a12,box01,-0.12,-0.1192,0.0765,2.93006,4.69171,-4.74863,112.946,6.0845,0.07555,3.17925,2.22235,0.422187,0.211202,3313.35,175.342,98.681,80.5765,207.081,38.0865,38.245,119.658,42.0056,112.816,112.557,159.694
ordered_a12,box02,-0.12,-0.1192,0.0852,2.93014,4.69177,-4.74913,112.287,5.98332,0.07435,2.71047,1.77526,0.392801,0.276438,3258.25,175.567,98.595,80.597,207.017,38.252,38.365,119.692,42.1356,113.132,112.948,159.63
ordered_a12,box03,-0.12,-0.1192,0.0741,2.93011,4.69169,-4.74868,109.255,5.98979,0.07255,1.9774,2.58053,0.408493,0.238137,3261.77,175.115,98.947,80.5757,207.032,38.1045,38.547,119.662,42.0238,112.86,112.168,159.652
ordered_a12,box04,-0.12,-0.1192,0.0733,2.9305,4.69178,-4.74844,112.035,5.89166,0.07275,1.75911,2.22963,0.407709,0.234484,3208.34,175.117,98.9835,80.5465,207.137,37.99,38.188,119.669,41.9018,112.567,112.048,159.798
ordered_a12,box05,-0.12,-0.1192,0.0733,2.93043,4.69186,-4.7485,109.993,5.99809,0.07315,1.94449,2.39583,0.384279,0.269442,3266.29,175.265,98.842,80.571,206.974,38.08,38.34,119.664,41.9954,112.792,112.361,159.608
ordered_a12,box06,-0.12,-0.1192,0.0876,2.92911,4.69152,-4.74932,115.658,6.0444,0.07415,1.55635,2.00498,0.468346,0.158178,3291.51,175.639,98.394,80.5795,207.128,38.251,38.523,119.667,42.2029,113.29,113.466,159.739
ordered_a12,box07,-0.12,-0.1192,0.0709,2.93007,4.69168,-4.74847,116.287,5.96092,0.07615,2.52377,1.71648,0.353985,0.285635,3246.05,175.404,98.655,80.559,207.083,38.13,38.348,119.659,42.0594,112.945,112.836,159.723
ordered_a12,box08,-0.12,-0.1192,0.0661,2.93049,4.69237,-4.74816,114.654,6.02693,0.07495,2.12815,1.34759,0.403597,0.212144,3282,175.151,99.0135,80.5443,206.831,38.0005,38.176,119.651,41.8915,112.541,111.821,159.506
ordered_a12,box09,-0.12,-0.1192,0.0804,2.93072,4.69159,-4.7488,107.727,5.97401,0.07035,0.5354,2.53042,0.429783,0.250847,3253.18,175.346,98.674,80.5968,207.038,38.114,38.456,119.662,42.0604,112.948,112.558,159.626
ordered_a12,box10,-0.12,-0.1192,0.0773,2.93023,4.69179,-4.74877,114.772,5.99145,0.07495,1.53404,1.38998,0.417261,0.209374,3262.68,175.459,98.687,80.5623,207.086,38.041,38.247,119.681,42.0034,112.813,112.729,159.737
ordered_a12,box11,-0.12,-0.1192,0.0733,2.93046,4.69184,-4.74867,117.387,5.98946,0.07475,1.48255,0.967326,0.402132,0.211494,3261.59,175.396,98.7125,80.5487,206.987,38.145,38.478,119.656,42.0843,113.005,112.552,159.647
ordered_a12,box12,-0.12,-0.1192,0.0773,2.93106,4.69199,-4.74857,109.907,5.93801,0.07615,2.34409,2.70101,0.45583,0.194194,3233.58,175.172,98.9565,80.5662,206.986,37.9985,38.306,119.668,41.9315,112.638,111.902,159.629
ordered_a12,box13,-0.12,-0.1192,0.0709,2.93051,4.69154,-4.74849,105.062,5.81283,0.07015,0.24964,2.84779,0.485776,0.202567,3165.41,175.089,98.859,80.606,207.171,38.1375,38.399,119.663,42.0145,112.838,112.088,159.736
ordered_a12,box14,-0.12,-0.1192,0.0757,2.92985,4.69186,-4.74861,114.203,6.00248,0.07415,1.80287,1.76948,0.423821,0.224173,3268.68,175.529,98.619,80.5627,206.995,38.0615,38.192,119.672,42.0108,112.83,112.865,159.646
ordered_a12,box15,-0.12,-0.1192,0.0701,2.92947,4.69187,-4.74835,110.312,5.89876,0.07435,2.76795,2.05826,0.387592,0.276823,3212.2,175.328,98.7255,80.5525,206.992,38.076,38.27,119.646,41.9993,112.799,112.73,159.638
ordered_a12,box16,-0.12,-0.1196,0.0653,2.93051,4.69147,-4.74822,110.588,5.88036,0.07455,2.22041,1.88477,0.441965,0.206562,3202.18,175.21,98.803,80.61,207.127,38.1005,38.137,119.675,41.9592,112.706,112.192,159.699
ordered_a12,box17,-0.12,-0.1192,0.0908,2.93054,4.69167,-4.74932,110.498,5.973,0.07355,1.64587,2.47599,0.402793,0.253418,3252.63,175.662,98.4165,80.5877,207.073,38.2145,38.352,119.675,42.147,113.157,113.156,159.682
ordered_a12,box18,-0.12,-0.1192,0.0796,2.93051,4.69204,-4.74886,110.804,5.85048,0.07255,1.5933,2.4471,0.475099,0.189376,3185.91,175.426,98.73,80.5572,207.005,38.115,38.483,119.673,42.075,112.984,112.758,159.663
ordered_a12,box19,-0.12,-0.1192,0.0685,2.93044,4.69184,-4.74842,112.83,5.86188,0.06915,0.80441,1.99943,0.44278,0.222146,3192.12,175.101,99.02,80.555,207.012,37.9745,38.208,119.664,41.8874,112.532,112.052,159.667
ordered_a12,box20,-0.12,-0.1192,0.0621,2.93014,4.69161,-4.74815,115.222,5.76671,0.07355,2.10616,2.03932,0.37766,0.234767,3140.29,175.452,98.5335,80.5965,207.089,38.1995,38.292,119.659,42.0907,113.02,112.984,159.671
