case,batch,box,rate,E_GPa,E_r2,sy_GPa,ey,drop_GPa,sy_offset_GPa,ey_offset,nu_xy,nu_xz,T_mean,e_final
disordered,B3_tension,box01,1e+10,113.414,0.980429,6.79265,0.07815,2.32519,2.85834,0.027293,0.465044,0.179895,300.881,0.14995
disordered,B3_tension,box02,1e+10,115.227,0.97235,6.91211,0.08195,3.71447,2.90196,0.0264584,0.489102,0.186451,300.436,0.14995
disordered,B3_tension,box03,1e+10,117.026,0.947313,6.9535,0.07655,1.09324,2.95522,0.0275071,0.400419,0.24811,300.23,0.14995
disordered,B3_tension,box04,1e+10,114.368,0.966822,6.77,0.07995,3.16909,2.88572,0.0268995,0.416563,0.212386,300.635,0.14995
disordered,B3_tension,box05,1e+10,121.908,0.971493,6.84704,0.08135,3.04561,2.11568,0.0194822,0.340824,0.261784,300.083,0.14995
disordered,B3_tension,box06,1e+10,119.354,0.937931,6.95122,0.08235,3.6216,2.39934,0.0226957,0.394816,0.235097,300.703,0.14995
disordered,B3_tension,box07,1e+10,114.463,0.961902,6.96993,0.08035,3.15124,2.84387,0.0261829,0.45459,0.210372,300.61,0.14995
disordered,B3_tension,box08,1e+10,116.302,0.955602,6.92153,0.08075,3.46587,2.80966,0.0254293,0.412464,0.207994,300.932,0.14995
disordered,B3_tension,box09,1e+10,115.879,0.940301,6.99521,0.07775,0.74803,2.92678,0.0271942,0.430381,0.219206,300.458,0.14995
disordered,B3_tension,box10,1e+10,118.16,0.919058,6.87289,0.07975,3.4793,2.64573,0.023918,0.355703,0.270491,300.488,0.14995
disordered,B3_tension,box11,1e+10,117.346,0.984567,6.97152,0.08175,4.30345,2.76535,0.0244572,0.372985,0.253216,300.92,0.14995
disordered,B3_tension,box12,1e+10,119.716,0.991966,6.9516,0.08275,4.3844,2.5671,0.0236887,0.349721,0.280016,300.656,0.14995
disordered,B3_tension,box13,1e+10,117.361,0.981247,6.82905,0.07855,2.36702,1.83487,0.016968,0.370627,0.261673,300.647,0.14995
disordered,B3_tension,box14,1e+10,118.382,0.971443,6.86348,0.07735,1.21251,2.15838,0.02085,0.381825,0.235951,300.666,0.14995
disordered,B3_tension,box15,1e+10,114.06,0.989438,6.89953,0.07815,1.77645,2.6952,0.0249401,0.377983,0.263712,300.081,0.14995
disordered,B3_tension,box16,1e+10,116.22,0.935184,6.89846,0.07715,1.2128,2.12277,0.0209939,0.400292,0.21805,299.876,0.14995
disordered,B3_tension,box17,1e+10,119.294,0.986879,6.79198,0.07835,2.18033,2.23012,0.020305,0.4057,0.203875,301.181,0.14995
disordered,B3_tension,box18,1e+10,116.669,0.960379,6.98124,0.08095,3.54845,2.71186,0.024525,0.453573,0.179571,300.673,0.14995
disordered,B3_tension,box19,1e+10,119.525,0.950266,6.84627,0.08095,3.33694,1.8156,0.0173464,0.351039,0.263514,300.642,0.14995
disordered,B3_tension,box20,1e+10,116.87,0.973735,6.96482,0.07875,1.89832,2.25334,0.0212564,0.409412,0.24345,300.552,0.14995
ordered_a04,B3_tension,box01,1e+10,118.495,0.948549,6.57397,0.07955,3.04384,2.3328,0.022935,0.401966,0.209857,300.848,0.14995
ordered_a04,B3_tension,box02,1e+10,115.509,0.926134,6.64628,0.07735,2.05227,2.19021,0.0210401,0.377302,0.229605,300.625,0.14995
ordered_a04,B3_tension,box03,1e+10,118.977,0.964815,6.61581,0.07755,1.29868,1.81473,0.0191574,0.364838,0.264012,299.929,0.14995
ordered_a04,B3_tension,box04,1e+10,118.444,0.958619,6.56628,0.07375,0.63186,2.50561,0.0232394,0.393053,0.203843,300.575,0.14995
ordered_a04,B3_tension,box05,1e+10,120.358,0.970066,6.58602,0.08015,2.08861,1.96309,0.02068,0.401008,0.218337,300.652,0.14995
ordered_a04,B3_tension,box06,1e+10,120.441,0.955326,6.68486,0.07895,2.50564,2.2071,0.0209263,0.390062,0.218079,300.178,0.14995
ordered_a04,B3_tension,box07,1e+10,112.737,0.925325,6.58529,0.07575,1.90886,2.82096,0.0252069,0.405976,0.241813,300.943,0.14995
ordered_a04,B3_tension,box08,1e+10,116.115,0.979201,6.54967,0.07375,1.34452,1.56843,0.013954,0.391357,0.224222,300.192,0.14995
ordered_a04,B3_tension,box09,1e+10,114.816,0.942386,6.61552,0.08235,3.48575,2.45753,0.02528,0.413591,0.211298,300.29,0.14995
ordered_a04,B3_tension,box10,1e+10,121.418,0.943766,6.74682,0.07915,4.03395,2.2559,0.0192853,0.399736,0.189227,300.902,0.14995
ordered_a04,B3_tension,box11,1e+10,111.615,0.979645,6.62164,0.07395,0.87506,3.06191,0.0277266,0.4223,0.240372,300.404,0.14995
ordered_a04,B3_tension,box12,1e+10,114.286,0.947527,6.61726,0.07935,2.72483,2.56743,0.0241962,0.423446,0.242071,300.405,0.14995
ordered_a04,B3_tension,box13,1e+10,116.996,0.992151,6.76151,0.07675,1.8279,1.73924,0.0165278,0.37966,0.242458,300.86,0.14995
ordered_a04,B3_tension,box14,1e+10,116.322,0.983543,6.62885,0.07875,0.85206,2.29826,0.0235066,0.432872,0.187128,300.69,0.14995
ordered_a04,B3_tension,box15,1e+10,118.527,0.971377,6.61386,0.08195,3.80297,1.92239,0.0185257,0.39655,0.230168,300.52,0.14995
ordered_a04,B3_tension,box16,1e+10,116.119,0.981165,6.77041,0.07855,1.77723,2.56507,0.024898,0.435471,0.194997,300.752,0.14995
ordered_a04,B3_tension,box17,1e+10,111.779,0.970086,6.66718,0.07895,2.30031,2.12924,0.0208568,0.462357,0.209738,300.745,0.14995
ordered_a04,B3_tension,box18,1e+10,118.109,0.970309,6.59193,0.07775,2.59864,2.2636,0.0215696,0.412502,0.219692,300.846,0.14995
ordered_a04,B3_tension,box19,1e+10,116.942,0.916692,6.69645,0.07855,2.20443,2.56019,0.0236633,0.38583,0.261234,300.284,0.14995
ordered_a04,B3_tension,box20,1e+10,118.498,0.962656,6.61594,0.07495,0.47332,1.84549,0.01814,0.443245,0.202918,300.349,0.14995
ordered_a08,B3_tension,box01,1e+10,112.04,0.981352,6.32389,0.07935,3.27073,2.39947,0.022726,0.365464,0.255118,300.231,0.14995
ordered_a08,B3_tension,box02,1e+10,116.885,0.943969,6.44238,0.07695,3.18671,2.42557,0.0233151,0.367399,0.266849,300.724,0.14995
ordered_a08,B3_tension,box03,1e+10,115.271,0.943249,6.28906,0.07515,1.37859,1.7972,0.0177158,0.408058,0.229791,300.501,0.14995
ordered_a08,B3_tension,box04,1e+10,115.886,0.984157,6.21642,0.07595,1.05012,2.11942,0.0218264,0.437406,0.196323,300.599,0.14995
ordered_a08,B3_tension,box05,1e+10,115.668,0.958967,6.2522,0.07535,2.60188,2.56574,0.0233489,0.408949,0.21008,300.642,0.14995
ordered_a08,B3_tension,box06,1e+10,114.993,0.97559,6.29963,0.07515,1.58284,2.2916,0.0222695,0.346353,0.275843,300.412,0.14995
ordered_a08,B3_tension,box07,1e+10,115.635,0.928637,6.37187,0.07975,3.30181,2.29989,0.0235809,0.423176,0.214411,300.096,0.14995
ordered_a08,B3_tension,box08,1e+10,112.188,0.955876,6.29612,0.07675,2.81565,1.97445,0.0194588,0.442325,0.212857,300.488,0.14995
ordered_a08,B3_tension,box09,1e+10,119.443,0.929527,6.30078,0.07695,3.39376,2.13807,0.0208006,0.392657,0.234173,301.318,0.14995
ordered_a08,B3_tension,box10,1e+10,114.865,0.980641,6.20205,0.07695,3.51867,2.42338,0.0227121,0.409029,0.202414,300.553,0.14995
ordered_a08,B3_tension,box11,1e+10,115.65,0.983977,6.27339,0.07315,0.37106,2.03936,0.0205087,0.442335,0.191038,300.677,0.14995
ordered_a08,B3_tension,box12,1e+10,118.951,0.97371,6.41304,0.07735,2.32384,2.24645,0.0212081,0.427687,0.204335,300.253,0.14995
ordered_a08,B3_tension,box13,1e+10,112.539,0.975833,6.29854,0.07635,3.1628,2.50431,0.0230938,0.414435,0.22372,299.997,0.14995
ordered_a08,B3_tension,box14,1e+10,113.903,0.98622,6.22193,0.07695,2.72494,1.86633,0.0182841,0.479289,0.160799,300.627,0.14995
ordered_a08,B3_tension,box15,1e+10,113.314,0.959622,6.27949,0.07515,2.13676,2.14206,0.0206383,0.432926,0.200575,299.81,0.14995
ordered_a08,B3_tension,box16,1e+10,110.464,0.97738,6.22476,0.07775,3.0476,1.67629,0.0174506,0.422689,0.233527,300.207,0.14995
ordered_a08,B3_tension,box17,1e+10,115.335,0.969166,6.5543,0.07815,1.48432,2.11457,0.0216363,0.406343,0.216267,300.96,0.14995
ordered_a08,B3_tension,box18,1e+10,113.8,0.947638,6.13926,0.07195,0.50452,2.2127,0.0208462,0.461354,0.159394,299.957,0.14995
ordered_a08,B3_tension,box19,1e+10,110.506,0.981159,6.44375,0.07955,3.05814,2.86298,0.0282705,0.483777,0.17769,299.941,0.14995
ordered_a08,B3_tension,box20,1e+10,115.951,0.956767,6.16119,0.07035,0.36118,1.93685,0.0192234,0.366169,0.257555,300.564,0.14995
ordered_a12,B3_tension,box01,1e+10,112.946,0.945736,6.0845,0.07555,3.17925,2.22235,0.0199957,0.422187,0.211202,300.313,0.14995
ordered_a12,B3_tension,box02,1e+10,112.287,0.936585,5.98332,0.07435,2.71047,1.77526,0.0178202,0.392801,0.276438,300.906,0.14995
ordered_a12,B3_tension,box03,1e+10,109.255,0.932062,5.98979,0.07255,1.9774,2.58053,0.0249109,0.408493,0.238137,300.401,0.14995
ordered_a12,B3_tension,box04,1e+10,112.035,0.9615,5.89166,0.07275,1.75911,2.22963,0.0202588,0.407709,0.234484,300.312,0.14995
ordered_a12,B3_tension,box05,1e+10,109.993,0.986551,5.99809,0.07315,1.94449,2.39583,0.0229923,0.384279,0.269442,299.967,0.14995
ordered_a12,B3_tension,box06,1e+10,115.658,0.968814,6.0444,0.07415,1.55635,2.00498,0.0188532,0.468346,0.158178,300.252,0.14995
ordered_a12,B3_tension,box07,1e+10,116.287,0.977551,5.96092,0.07615,2.52377,1.71648,0.0170641,0.353985,0.285635,299.975,0.14995
ordered_a12,B3_tension,box08,1e+10,114.654,0.928212,6.02693,0.07495,2.12815,1.34759,0.014692,0.403597,0.212144,300.542,0.14995
ordered_a12,B3_tension,box09,1e+10,107.727,0.909327,5.97401,0.07035,0.5354,2.53042,0.0252003,0.429783,0.250847,300.095,0.14995
ordered_a12,B3_tension,box10,1e+10,114.772,0.946339,5.99145,0.07495,1.53404,1.38998,0.0144835,0.417261,0.209374,300.313,0.14995
ordered_a12,B3_tension,box11,1e+10,117.387,0.953521,5.98946,0.07475,1.48255,0.967326,0.011941,0.402132,0.211494,300.555,0.14995
ordered_a12,B3_tension,box12,1e+10,109.907,0.970337,5.93801,0.07615,2.34409,2.70101,0.0272301,0.45583,0.194194,300.003,0.14995
ordered_a12,B3_tension,box13,1e+10,105.062,0.980574,5.81283,0.07015,0.24964,2.84779,0.0288389,0.485776,0.202567,300.579,0.14995
ordered_a12,B3_tension,box14,1e+10,114.203,0.958639,6.00248,0.07415,1.80287,1.76948,0.0171161,0.423821,0.224173,301.023,0.14995
ordered_a12,B3_tension,box15,1e+10,110.312,0.954756,5.89876,0.07435,2.76795,2.05826,0.020058,0.387592,0.276823,300.441,0.14995
ordered_a12,B3_tension,box16,1e+10,110.588,0.976928,5.88036,0.07455,2.22041,1.88477,0.0184144,0.441965,0.206562,299.843,0.14995
ordered_a12,B3_tension,box17,1e+10,110.498,0.944334,5.973,0.07355,1.64587,2.47599,0.0247232,0.402793,0.253418,300.584,0.14995
ordered_a12,B3_tension,box18,1e+10,110.804,0.964587,5.85048,0.07255,1.5933,2.4471,0.0235416,0.475099,0.189376,300.176,0.14995
ordered_a12,B3_tension,box19,1e+10,112.83,0.982647,5.86188,0.06915,0.80441,1.99943,0.0191253,0.44278,0.222146,300.602,0.14995
ordered_a12,B3_tension,box20,1e+10,115.222,0.976328,5.76671,0.07355,2.10616,2.03932,0.0197205,0.37766,0.234767,300.728,0.14995
disordered,B4_rate,rate_2e9,2e+09,118.164,0.98712,6.82464,0.07645,4.23208,2.42777,0.0228718,0.394483,0.24317,299.857,0.14989
disordered,B4_rate,rate_4e8,4e+08,116.739,0.999403,6.81672,0.077998,4.24533,2.98164,0.0277635,0.401592,0.22788,300.089,0.14967
disordered,B4_rate,rate_5e10,5e+10,112.468,0.997287,7.22519,0.087,0.43978,3.78564,0.0354887,0.312543,0.400884,306.43,0.15
ordered_a04,B4_rate,rate_2e9,2e+09,115.975,0.986889,6.45664,0.07477,3.83312,2.75595,0.026911,0.395386,0.242788,299.776,0.14989
ordered_a04,B4_rate,rate_4e8,4e+08,116.929,0.999227,6.43149,0.074526,3.82789,2.75375,0.0267468,0.411282,0.225641,299.83,0.14967
ordered_a04,B4_rate,rate_5e10,5e+10,78.9352,0.952518,6.87524,0.088,0.69901,6.85571,0.0876014,0.559017,0.361107,304.776,0.15
ordered_a08,B4_rate,rate_2e9,2e+09,113.431,0.988046,6.21593,0.07597,3.83795,2.45871,0.0231431,0.422494,0.214617,300.181,0.14989
ordered_a08,B4_rate,rate_4e8,4e+08,112.947,0.998935,6.18579,0.072542,3.35122,2.79064,0.0261397,0.423513,0.22357,300.115,0.14967
ordered_a08,B4_rate,rate_5e10,5e+10,96.9977,0.977337,6.6261,0.0855,1.04254,5.00728,0.0518378,0.627743,0.188769,304.291,0.15
ordered_a12,B4_rate,rate_2e9,2e+09,107.559,0.98082,5.81761,0.06877,3.17534,2.45965,0.0229187,0.455009,0.203582,299.997,0.14989
ordered_a12,B4_rate,rate_4e8,4e+08,108.364,0.998922,5.72411,0.069814,3.1403,2.86183,0.0265307,0.440768,0.222123,299.922,0.14967
ordered_a12,B4_rate,rate_5e10,5e+10,99.7021,0.950777,6.25789,0.076,0.10085,3.42859,0.0336316,0.470016,0.380179,304.784,0.15
disordered,B5b_tension80,box01,1e+10,116.495,0.998694,6.7799,0.07935,1.93847,3.07348,0.0282863,0.408205,0.226926,300.503,0.14995
disordered,B5b_tension80,box02,1e+10,117.67,0.994386,6.80474,0.07695,1.19943,2.7942,0.0257015,0.386188,0.234058,300.593,0.14995
ordered_a04,B5b_tension80,box01,1e+10,114.151,0.993488,6.50846,0.07835,2.33463,2.95571,0.028135,0.422855,0.221694,300.395,0.14995
ordered_a04,B5b_tension80,box02,1e+10,115.208,0.997421,6.53735,0.07815,2.01247,2.93939,0.0273456,0.404441,0.231077,300.347,0.14995
ordered_a08,B5b_tension80,box01,1e+10,111.739,0.997417,6.17373,0.07395,0.95815,2.88994,0.0277176,0.429914,0.216824,300.394,0.14995
ordered_a08,B5b_tension80,box02,1e+10,113.037,0.997634,6.21693,0.07575,1.45111,2.7535,0.0262879,0.426502,0.21239,300.511,0.14995
ordered_a12,B5b_tension80,box01,1e+10,110.412,0.995656,5.80289,0.07095,0.69019,2.74032,0.0265657,0.430717,0.221669,300.847,0.14995
ordered_a12,B5b_tension80,box02,1e+10,111.283,0.996416,5.85101,0.07435,1.81761,2.50303,0.0241951,0.421574,0.22025,300.524,0.14995
